,,spre1,spre2,spre3,spre4,spre5,spre6
"Wetter (Ruhr)",spost1,0,0,1,0,0,0
"Wetter (Ruhr)",spost2,0,0,0,0,0,0
"Wetter (Ruhr)",spost3,0,0,0,0,0,0
"Wetter (Ruhr)",spost4,0,0,0,0,0,0
"Wetter (Ruhr)",spost5,0,0,0,0,0,0
"Wetter (Ruhr)",spost6,0,0,0,0,0,0
"Wetter (Ruhr)",spost7,0,0,0,0,0,0
"Wetter (Ruhr)",spost8,0,0,0,0,0,0
"Wetter (Ruhr)",spost9,0,0,0,0,0,0
"Wetter (Ruhr)",spost10,0,0,0,0,0,0
"Wetter (Ruhr)",spost11,0,0,0,0,0,0
"Wetter (Ruhr)",spost12,0,0,0,0,0,0
"Wetter (Ruhr)",spost13,0,0,0,0,0,0
"Wetter (Ruhr)",spost14,0,0,0,0,0,0
"Wetter (Ruhr)",spost15,0,0,0,0,0,0
"Wetter (Ruhr)",spost16,0,0,0,0,0,0
"Wetter (Ruhr)",spost17,0,0,0,0,0,0
"Wetter (Ruhr)",spost18,0,0,0,0,0,0
"Wetter (Ruhr)",spost19,0,0,0,0,0,0
"Wetter (Ruhr)",spost20,0,0,0,0,0,0
"Wetter (Ruhr)",spost21,0,0,0,0,0,0
"Wetter (Ruhr)",spost22,0,0,0,0,0,0
"Wetter (Ruhr)",spost23,0,0,0,0,0,0
"Wetter (Ruhr)",spost24,0,0,0,0,0,0
"Wetter (Ruhr)",spost25,0,0,0,0,0,0
"Wetter (Ruhr)",spost26,0,0,0,0,0,0
"Wetter (Ruhr)",spost27,0,0,0,0,0,0
"Wetter (Ruhr)",spost28,0,0,0,0,0,0
"Wetter (Ruhr)",spost29,0,0,0,0,0,0
"Wetter (Ruhr)",spost30,0,0,0,0,0,0
"Wetter (Ruhr)",spost31,0,0,0,0,0,0
"Wetter (Ruhr)",spost32,0,0,0,0,0,0
"Wetter (Ruhr)",spost33,0,0,0,0,0,0
"Wetter (Ruhr)",spost34,0,0,0,0,0,0
"Wetter (Ruhr)",spost35,0,0,0,0,0,0
"Wetter (Ruhr)",spost36,0,0,0,0,0,0
"Wetter (Ruhr)",spost37,0,0,0,0,0,0
"Wetter (Ruhr)",spost38,0,0,0,0,0,0
"Wetter (Ruhr)",spost39,0,0,0,0,0,0
"Wetter (Ruhr)",spost40,0,0,0,0,0,0
"Wetter (Ruhr)",spost41,0,0,0,0,0,0
"Wetter (Ruhr)",spost42,0,0,0,0,0,0
"Wetter (Ruhr)",spost43,0,0,0,0,0,0
"Wetter (Ruhr)",spost44,0,0,0,0,0,0
"Wetter (Ruhr)",spost45,0,0,0,0,0,0
"Wetter (Ruhr)",spost46,0,0,0,0,0,0
"Wetter (Ruhr)",spost47,0,0,0,0,0,0
"Wetter (Ruhr)",spost48,0,0,0,0,0,0
"Wetter (Ruhr)",spost49,0,0,0,0,0,0
"Wetter (Ruhr)",spost50,0,0,0,0,0,0
"Wetter (Ruhr)",spost51,0,0,0,0,0,0
"Wetter (Ruhr)",spost52,0,0,0,0,0,0
"Wetter (Ruhr)",spost53,0,0,0,0,0,0
"Wetter (Ruhr)",spost54,0,0,0,0,0,0
"Wetter (Ruhr)",spost55,0,0,0,0,0,0
Elsdorf,spost1,1,0,0,0,0,0
Elsdorf,spost2,0,0,0,0,0,0
Elsdorf,spost3,0,0,0,0,0,0
Elsdorf,spost4,0,0,0,0,0,0
Elsdorf,spost5,0,0,0,0,0,0
Elsdorf,spost6,0,0,0,0,0,0
Elsdorf,spost7,0,0,0,0,0,0
Elsdorf,spost8,0,0,0,0,0,0
Elsdorf,spost9,0,0,0,0,0,0
Elsdorf,spost10,0,0,0,0,0,0
Elsdorf,spost11,0,0,0,0,0,0
Elsdorf,spost12,0,0,0,0,0,0
Elsdorf,spost13,0,0,0,0,0,0
Elsdorf,spost14,0,0,0,0,0,0
Elsdorf,spost15,0,0,0,0,0,0
Elsdorf,spost16,0,0,0,0,0,0
Elsdorf,spost17,0,0,0,0,0,0
Elsdorf,spost18,0,0,0,0,0,0
Elsdorf,spost19,0,0,0,0,0,0
Elsdorf,spost20,0,0,0,0,0,0
Elsdorf,spost21,0,0,0,0,0,0
Elsdorf,spost22,0,0,0,0,0,0
Elsdorf,spost23,0,0,0,0,0,0
Elsdorf,spost24,0,0,0,0,0,0
Elsdorf,spost25,0,0,0,0,0,0
Elsdorf,spost26,0,0,0,0,0,0
Elsdorf,spost27,0,0,0,0,0,0
Elsdorf,spost28,0,0,0,0,0,0
Elsdorf,spost29,0,0,0,0,0,0
Elsdorf,spost30,0,0,0,0,0,0
Elsdorf,spost31,0,0,0,0,0,0
Elsdorf,spost32,0,0,0,0,0,0
Elsdorf,spost33,0,0,0,0,0,0
Elsdorf,spost34,0,0,0,0,0,0
Elsdorf,spost35,0,0,0,0,0,0
Elsdorf,spost36,0,0,0,0,0,0
Elsdorf,spost37,0,0,0,0,0,0
Elsdorf,spost38,0,0,0,0,0,0
Elsdorf,spost39,0,0,0,0,0,0
Elsdorf,spost40,0,0,0,0,0,0
Elsdorf,spost41,0,0,0,0,0,0
Elsdorf,spost42,0,0,0,0,0,0
Elsdorf,spost43,0,0,0,0,0,0
Elsdorf,spost44,0,0,0,0,0,0
Elsdorf,spost45,0,0,0,0,0,0
Elsdorf,spost46,0,0,0,0,0,0
Elsdorf,spost47,0,0,0,0,0,0
Elsdorf,spost48,0,0,0,0,0,0
Elsdorf,spost49,0,0,0,0,0,0
Elsdorf,spost50,0,0,0,0,0,0
Elsdorf,spost51,0,0,0,0,0,0
Elsdorf,spost52,0,0,0,0,0,0
Elsdorf,spost53,0,0,0,0,0,0
Elsdorf,spost54,0,0,0,0,0,0
Elsdorf,spost55,0,0,0,0,0,0
Langerwehe,spost1,1,0,0,0,0,0
Langerwehe,spost2,0,0,0,0,0,0
Langerwehe,spost3,0,0,0,0,0,0
Langerwehe,spost4,0,0,0,0,0,0
Langerwehe,spost5,0,0,0,0,0,0
Langerwehe,spost6,0,0,0,0,0,0
Langerwehe,spost7,0,0,0,0,0,0
Langerwehe,spost8,0,0,0,0,0,0
Langerwehe,spost9,0,0,0,0,0,0
Langerwehe,spost10,0,0,0,0,0,0
Langerwehe,spost11,0,0,0,0,0,0
Langerwehe,spost12,0,0,0,0,0,0
Langerwehe,spost13,0,0,0,0,0,0
Langerwehe,spost14,0,0,0,0,0,0
Langerwehe,spost15,0,0,0,0,0,0
Langerwehe,spost16,0,0,0,0,0,0
Langerwehe,spost17,0,0,0,0,0,0
Langerwehe,spost18,0,0,0,0,0,0
Langerwehe,spost19,0,0,0,0,0,0
Langerwehe,spost20,0,0,0,0,0,0
Langerwehe,spost21,0,0,0,0,0,0
Langerwehe,spost22,0,0,0,0,0,0
Langerwehe,spost23,0,0,0,0,0,0
Langerwehe,spost24,0,0,0,0,0,0
Langerwehe,spost25,0,0,0,0,0,0
Langerwehe,spost26,0,0,0,0,0,0
Langerwehe,spost27,0,0,0,0,0,0
Langerwehe,spost28,0,0,0,0,0,0
Langerwehe,spost29,0,0,0,0,0,0
Langerwehe,spost30,0,0,0,0,0,0
Langerwehe,spost31,0,0,0,0,0,0
Langerwehe,spost32,0,0,0,0,0,0
Langerwehe,spost33,0,0,0,0,0,0
Langerwehe,spost34,0,0,0,0,0,0
Langerwehe,spost35,0,0,0,0,0,0
Langerwehe,spost36,0,0,0,0,0,0
Langerwehe,spost37,0,0,0,0,0,0
Langerwehe,spost38,0,0,0,0,0,0
Langerwehe,spost39,0,0,0,0,0,0
Langerwehe,spost40,0,0,0,0,0,0
Langerwehe,spost41,0,0,0,0,0,0
Langerwehe,spost42,0,0,0,0,0,0
Langerwehe,spost43,0,0,0,0,0,0
Langerwehe,spost44,0,0,0,0,0,0
Langerwehe,spost45,0,0,0,0,0,0
Langerwehe,spost46,0,0,0,0,0,0
Langerwehe,spost47,0,0,0,0,0,0
Langerwehe,spost48,0,0,0,0,0,0
Langerwehe,spost49,0,0,0,0,0,0
Langerwehe,spost50,0,0,0,0,0,0
Langerwehe,spost51,0,0,0,0,0,0
Langerwehe,spost52,0,0,0,0,0,0
Langerwehe,spost53,0,0,0,0,0,0
Langerwehe,spost54,0,0,0,0,0,0
Langerwehe,spost55,0,0,0,0,0,0
Moers,spost1,0,0,1,0,0,0
Moers,spost2,0,0,0,0,0,0
Moers,spost3,0,0,0,0,0,0
Moers,spost4,0,0,0,0,0,0
Moers,spost5,0,0,0,0,0,0
Moers,spost6,0,0,0,0,0,0
Moers,spost7,0,0,0,0,0,0
Moers,spost8,0,0,0,0,0,0
Moers,spost9,0,0,0,0,0,0
Moers,spost10,0,0,0,0,0,0
Moers,spost11,0,0,0,0,0,0
Moers,spost12,0,0,0,0,0,0
Moers,spost13,0,0,0,0,0,0
Moers,spost14,0,0,0,0,0,0
Moers,spost15,0,0,0,0,0,0
Moers,spost16,0,0,0,0,0,0
Moers,spost17,0,0,0,0,0,0
Moers,spost18,0,0,0,0,0,0
Moers,spost19,0,0,0,0,0,0
Moers,spost20,0,0,0,0,0,0
Moers,spost21,0,0,0,0,0,0
Moers,spost22,0,0,0,0,0,0
Moers,spost23,0,0,0,0,0,0
Moers,spost24,0,0,0,0,0,0
Moers,spost25,0,0,0,0,0,0
Moers,spost26,0,0,0,0,0,0
Moers,spost27,0,0,0,0,0,0
Moers,spost28,0,0,0,0,0,0
Moers,spost29,0,0,0,0,0,0
Moers,spost30,0,0,0,0,0,0
Moers,spost31,0,0,0,0,0,0
Moers,spost32,0,0,0,0,0,0
Moers,spost33,0,0,0,0,0,0
Moers,spost34,0,0,0,0,0,0
Moers,spost35,0,0,0,0,0,0
Moers,spost36,0,0,0,0,0,0
Moers,spost37,0,0,0,0,0,0
Moers,spost38,0,0,0,0,0,0
Moers,spost39,0,0,0,0,0,0
Moers,spost40,0,0,0,0,0,0
Moers,spost41,0,0,0,0,0,0
Moers,spost42,0,0,0,0,0,0
Moers,spost43,0,0,0,0,0,0
Moers,spost44,0,0,0,0,0,0
Moers,spost45,0,0,0,0,0,0
Moers,spost46,0,0,0,0,0,0
Moers,spost47,0,0,0,0,0,0
Moers,spost48,0,0,0,0,0,0
Moers,spost49,0,0,0,0,0,0
Moers,spost50,0,0,0,0,0,0
Moers,spost51,0,0,0,0,0,0
Moers,spost52,0,0,0,0,0,0
Moers,spost53,0,0,0,0,0,0
Moers,spost54,0,0,0,0,0,0
Moers,spost55,0,0,0,0,0,0
Luegde,spost1,0,0,1,0,0,0
Luegde,spost2,0,0,0,0,0,0
Luegde,spost3,0,0,0,0,0,0
Luegde,spost4,0,0,0,0,0,0
Luegde,spost5,0,0,0,0,0,0
Luegde,spost6,0,0,0,0,0,0
Luegde,spost7,0,0,0,0,0,0
Luegde,spost8,0,0,0,0,0,0
Luegde,spost9,0,0,0,0,0,0
Luegde,spost10,0,0,0,0,0,0
Luegde,spost11,0,0,0,0,0,0
Luegde,spost12,0,0,0,0,0,0
Luegde,spost13,0,0,0,0,0,0
Luegde,spost14,0,0,0,0,0,0
Luegde,spost15,0,0,0,0,0,0
Luegde,spost16,0,0,0,0,0,0
Luegde,spost17,0,0,0,0,0,0
Luegde,spost18,0,0,0,0,0,0
Luegde,spost19,0,0,0,0,0,0
Luegde,spost20,0,0,0,0,0,0
Luegde,spost21,0,0,0,0,0,0
Luegde,spost22,0,0,0,0,0,0
Luegde,spost23,0,0,0,0,0,0
Luegde,spost24,0,0,0,0,0,0
Luegde,spost25,0,0,0,0,0,0
Luegde,spost26,0,0,0,0,0,0
Luegde,spost27,0,0,0,0,0,0
Luegde,spost28,0,0,0,0,0,0
Luegde,spost29,0,0,0,0,0,0
Luegde,spost30,0,0,0,0,0,0
Luegde,spost31,0,0,0,0,0,0
Luegde,spost32,0,0,0,0,0,0
Luegde,spost33,0,0,0,0,0,0
Luegde,spost34,0,0,0,0,0,0
Luegde,spost35,0,0,0,0,0,0
Luegde,spost36,0,0,0,0,0,0
Luegde,spost37,0,0,0,0,0,0
Luegde,spost38,0,0,0,0,0,0
Luegde,spost39,0,0,0,0,0,0
Luegde,spost40,0,0,0,0,0,0
Luegde,spost41,0,0,0,0,0,0
Luegde,spost42,0,0,0,0,0,0
Luegde,spost43,0,0,0,0,0,0
Luegde,spost44,0,0,0,0,0,0
Luegde,spost45,0,0,0,0,0,0
Luegde,spost46,0,0,0,0,0,0
Luegde,spost47,0,0,0,0,0,0
Luegde,spost48,0,0,0,0,0,0
Luegde,spost49,0,0,0,0,0,0
Luegde,spost50,0,0,0,0,0,0
Luegde,spost51,0,0,0,0,0,0
Luegde,spost52,0,0,0,0,0,0
Luegde,spost53,0,0,0,0,0,0
Luegde,spost54,0,0,0,0,0,0
Luegde,spost55,0,0,0,0,0,0
Warendorf,spost1,0,1,0,0,0,0
Warendorf,spost2,0,0,0,0,0,0
Warendorf,spost3,0,0,0,0,0,0
Warendorf,spost4,0,0,0,0,0,0
Warendorf,spost5,0,0,0,0,0,0
Warendorf,spost6,0,0,0,0,0,0
Warendorf,spost7,0,0,0,0,0,0
Warendorf,spost8,0,0,0,0,0,0
Warendorf,spost9,0,0,0,0,0,0
Warendorf,spost10,0,0,0,0,0,0
Warendorf,spost11,0,0,0,0,0,0
Warendorf,spost12,0,0,0,0,0,0
Warendorf,spost13,0,0,0,0,0,0
Warendorf,spost14,0,0,0,0,0,0
Warendorf,spost15,0,0,0,0,0,0
Warendorf,spost16,0,0,0,0,0,0
Warendorf,spost17,0,0,0,0,0,0
Warendorf,spost18,0,0,0,0,0,0
Warendorf,spost19,0,0,0,0,0,0
Warendorf,spost20,0,0,0,0,0,0
Warendorf,spost21,0,0,0,0,0,0
Warendorf,spost22,0,0,0,0,0,0
Warendorf,spost23,0,0,0,0,0,0
Warendorf,spost24,0,0,0,0,0,0
Warendorf,spost25,0,0,0,0,0,0
Warendorf,spost26,0,0,0,0,0,0
Warendorf,spost27,0,0,0,0,0,0
Warendorf,spost28,0,0,0,0,0,0
Warendorf,spost29,0,0,0,0,0,0
Warendorf,spost30,0,0,0,0,0,0
Warendorf,spost31,0,0,0,0,0,0
Warendorf,spost32,0,0,0,0,0,0
Warendorf,spost33,0,0,0,0,0,0
Warendorf,spost34,0,0,0,0,0,0
Warendorf,spost35,0,0,0,0,0,0
Warendorf,spost36,0,0,0,0,0,0
Warendorf,spost37,0,0,0,0,0,0
Warendorf,spost38,0,0,0,0,0,0
Warendorf,spost39,0,0,0,0,0,0
Warendorf,spost40,0,0,0,0,0,0
Warendorf,spost41,0,0,0,0,0,0
Warendorf,spost42,0,0,0,0,0,0
Warendorf,spost43,0,0,0,0,0,0
Warendorf,spost44,0,0,0,0,0,0
Warendorf,spost45,0,0,0,0,0,0
Warendorf,spost46,0,0,0,0,0,0
Warendorf,spost47,0,0,0,0,0,0
Warendorf,spost48,0,0,0,0,0,0
Warendorf,spost49,0,0,0,0,0,0
Warendorf,spost50,0,0,0,0,0,0
Warendorf,spost51,0,0,0,0,0,0
Warendorf,spost52,0,0,0,0,0,0
Warendorf,spost53,0,0,0,0,0,0
Warendorf,spost54,0,0,0,0,0,0
Warendorf,spost55,0,0,0,0,0,0
Hagen,spost1,0,0,1,0,0,0
Hagen,spost2,0,0,0,0,0,0
Hagen,spost3,0,0,0,0,0,0
Hagen,spost4,0,0,0,0,0,0
Hagen,spost5,0,0,0,0,0,0
Hagen,spost6,0,0,0,0,0,0
Hagen,spost7,0,0,0,0,0,0
Hagen,spost8,0,0,0,0,0,0
Hagen,spost9,0,0,0,0,0,0
Hagen,spost10,0,0,0,0,0,0
Hagen,spost11,0,0,0,0,0,0
Hagen,spost12,0,0,0,0,0,0
Hagen,spost13,0,0,0,0,0,0
Hagen,spost14,0,0,0,0,0,0
Hagen,spost15,0,0,0,0,0,0
Hagen,spost16,0,0,0,0,0,0
Hagen,spost17,0,0,0,0,0,0
Hagen,spost18,0,0,0,0,0,0
Hagen,spost19,0,0,0,0,0,0
Hagen,spost20,0,0,0,0,0,0
Hagen,spost21,0,0,0,0,0,0
Hagen,spost22,0,0,0,0,0,0
Hagen,spost23,0,0,0,0,0,0
Hagen,spost24,0,0,0,0,0,0
Hagen,spost25,0,0,0,0,0,0
Hagen,spost26,0,0,0,0,0,0
Hagen,spost27,0,0,0,0,0,0
Hagen,spost28,0,0,0,0,0,0
Hagen,spost29,0,0,0,0,0,0
Hagen,spost30,0,0,0,0,0,0
Hagen,spost31,0,0,0,0,0,0
Hagen,spost32,0,0,0,0,0,0
Hagen,spost33,0,0,0,0,0,0
Hagen,spost34,0,0,0,0,0,0
Hagen,spost35,0,0,0,0,0,0
Hagen,spost36,0,0,0,0,0,0
Hagen,spost37,0,0,0,0,0,0
Hagen,spost38,0,0,0,0,0,0
Hagen,spost39,0,0,0,0,0,0
Hagen,spost40,0,0,0,0,0,0
Hagen,spost41,0,0,0,0,0,0
Hagen,spost42,0,0,0,0,0,0
Hagen,spost43,0,0,0,0,0,0
Hagen,spost44,0,0,0,0,0,0
Hagen,spost45,0,0,0,0,0,0
Hagen,spost46,0,0,0,0,0,0
Hagen,spost47,0,0,0,0,0,0
Hagen,spost48,0,0,0,0,0,0
Hagen,spost49,0,0,0,0,0,0
Hagen,spost50,0,0,0,0,0,0
Hagen,spost51,0,0,0,0,0,0
Hagen,spost52,0,0,0,0,0,0
Hagen,spost53,0,0,0,0,0,0
Hagen,spost54,0,0,0,0,0,0
Hagen,spost55,0,0,0,0,0,0
Zuelpich,spost1,1,0,0,0,0,0
Zuelpich,spost2,0,0,0,0,0,0
Zuelpich,spost3,0,0,0,0,0,0
Zuelpich,spost4,0,0,0,0,0,0
Zuelpich,spost5,0,0,0,0,0,0
Zuelpich,spost6,0,0,0,0,0,0
Zuelpich,spost7,0,0,0,0,0,0
Zuelpich,spost8,0,0,0,0,0,0
Zuelpich,spost9,0,0,0,0,0,0
Zuelpich,spost10,0,0,0,0,0,0
Zuelpich,spost11,0,0,0,0,0,0
Zuelpich,spost12,0,0,0,0,0,0
Zuelpich,spost13,0,0,0,0,0,0
Zuelpich,spost14,0,0,0,0,0,0
Zuelpich,spost15,0,0,0,0,0,0
Zuelpich,spost16,0,0,0,0,0,0
Zuelpich,spost17,0,0,0,0,0,0
Zuelpich,spost18,0,0,0,0,0,0
Zuelpich,spost19,0,0,0,0,0,0
Zuelpich,spost20,0,0,0,0,0,0
Zuelpich,spost21,0,0,0,0,0,0
Zuelpich,spost22,0,0,0,0,0,0
Zuelpich,spost23,0,0,0,0,0,0
Zuelpich,spost24,0,0,0,0,0,0
Zuelpich,spost25,0,0,0,0,0,0
Zuelpich,spost26,0,0,0,0,0,0
Zuelpich,spost27,0,0,0,0,0,0
Zuelpich,spost28,0,0,0,0,0,0
Zuelpich,spost29,0,0,0,0,0,0
Zuelpich,spost30,0,0,0,0,0,0
Zuelpich,spost31,0,0,0,0,0,0
Zuelpich,spost32,0,0,0,0,0,0
Zuelpich,spost33,0,0,0,0,0,0
Zuelpich,spost34,0,0,0,0,0,0
Zuelpich,spost35,0,0,0,0,0,0
Zuelpich,spost36,0,0,0,0,0,0
Zuelpich,spost37,0,0,0,0,0,0
Zuelpich,spost38,0,0,0,0,0,0
Zuelpich,spost39,0,0,0,0,0,0
Zuelpich,spost40,0,0,0,0,0,0
Zuelpich,spost41,0,0,0,0,0,0
Zuelpich,spost42,0,0,0,0,0,0
Zuelpich,spost43,0,0,0,0,0,0
Zuelpich,spost44,0,0,0,0,0,0
Zuelpich,spost45,0,0,0,0,0,0
Zuelpich,spost46,0,0,0,0,0,0
Zuelpich,spost47,0,0,0,0,0,0
Zuelpich,spost48,0,0,0,0,0,0
Zuelpich,spost49,0,0,0,0,0,0
Zuelpich,spost50,0,0,0,0,0,0
Zuelpich,spost51,0,0,0,0,0,0
Zuelpich,spost52,0,0,0,0,0,0
Zuelpich,spost53,0,0,0,0,0,0
Zuelpich,spost54,0,0,0,0,0,0
Zuelpich,spost55,0,0,0,0,0,0
Erwitte,spost1,0,0,0,1,0,0
Erwitte,spost2,0,0,0,0,0,0
Erwitte,spost3,0,0,0,0,0,0
Erwitte,spost4,0,0,0,0,0,0
Erwitte,spost5,0,0,0,0,0,0
Erwitte,spost6,0,0,0,0,0,0
Erwitte,spost7,0,0,0,0,0,0
Erwitte,spost8,0,0,0,0,0,0
Erwitte,spost9,0,0,0,0,0,0
Erwitte,spost10,0,0,0,0,0,0
Erwitte,spost11,0,0,0,0,0,0
Erwitte,spost12,0,0,0,0,0,0
Erwitte,spost13,0,0,0,0,0,0
Erwitte,spost14,0,0,0,0,0,0
Erwitte,spost15,0,0,0,0,0,0
Erwitte,spost16,0,0,0,0,0,0
Erwitte,spost17,0,0,0,0,0,0
Erwitte,spost18,0,0,0,0,0,0
Erwitte,spost19,0,0,0,0,0,0
Erwitte,spost20,0,0,0,0,0,0
Erwitte,spost21,0,0,0,0,0,0
Erwitte,spost22,0,0,0,0,0,0
Erwitte,spost23,0,0,0,0,0,0
Erwitte,spost24,0,0,0,0,0,0
Erwitte,spost25,0,0,0,0,0,0
Erwitte,spost26,0,0,0,0,0,0
Erwitte,spost27,0,0,0,0,0,0
Erwitte,spost28,0,0,0,0,0,0
Erwitte,spost29,0,0,0,0,0,0
Erwitte,spost30,0,0,0,0,0,0
Erwitte,spost31,0,0,0,0,0,0
Erwitte,spost32,0,0,0,0,0,0
Erwitte,spost33,0,0,0,0,0,0
Erwitte,spost34,0,0,0,0,0,0
Erwitte,spost35,0,0,0,0,0,0
Erwitte,spost36,0,0,0,0,0,0
Erwitte,spost37,0,0,0,0,0,0
Erwitte,spost38,0,0,0,0,0,0
Erwitte,spost39,0,0,0,0,0,0
Erwitte,spost40,0,0,0,0,0,0
Erwitte,spost41,0,0,0,0,0,0
Erwitte,spost42,0,0,0,0,0,0
Erwitte,spost43,0,0,0,0,0,0
Erwitte,spost44,0,0,0,0,0,0
Erwitte,spost45,0,0,0,0,0,0
Erwitte,spost46,0,0,0,0,0,0
Erwitte,spost47,0,0,0,0,0,0
Erwitte,spost48,0,0,0,0,0,0
Erwitte,spost49,0,0,0,0,0,0
Erwitte,spost50,0,0,0,0,0,0
Erwitte,spost51,0,0,0,0,0,0
Erwitte,spost52,0,0,0,0,0,0
Erwitte,spost53,0,0,0,0,0,0
Erwitte,spost54,0,0,0,0,0,0
Erwitte,spost55,0,0,0,0,0,0
Alfter,spost1,0,0,0,1,0,0
Alfter,spost2,0,0,0,0,0,0
Alfter,spost3,0,0,0,0,0,0
Alfter,spost4,0,0,0,0,0,0
Alfter,spost5,0,0,0,0,0,0
Alfter,spost6,0,0,0,0,0,0
Alfter,spost7,0,0,0,0,0,0
Alfter,spost8,0,0,0,0,0,0
Alfter,spost9,0,0,0,0,0,0
Alfter,spost10,0,0,0,0,0,0
Alfter,spost11,0,0,0,0,0,0
Alfter,spost12,0,0,0,0,0,0
Alfter,spost13,0,0,0,0,0,0
Alfter,spost14,0,0,0,0,0,0
Alfter,spost15,0,0,0,0,0,0
Alfter,spost16,0,0,0,0,0,0
Alfter,spost17,0,0,0,0,0,0
Alfter,spost18,0,0,0,0,0,0
Alfter,spost19,0,0,0,0,0,0
Alfter,spost20,0,0,0,0,0,0
Alfter,spost21,0,0,0,0,0,0
Alfter,spost22,0,0,0,0,0,0
Alfter,spost23,0,0,0,0,0,0
Alfter,spost24,0,0,0,0,0,0
Alfter,spost25,0,0,0,0,0,0
Alfter,spost26,0,0,0,0,0,0
Alfter,spost27,0,0,0,0,0,0
Alfter,spost28,0,0,0,0,0,0
Alfter,spost29,0,0,0,0,0,0
Alfter,spost30,0,0,0,0,0,0
Alfter,spost31,0,0,0,0,0,0
Alfter,spost32,0,0,0,0,0,0
Alfter,spost33,0,0,0,0,0,0
Alfter,spost34,0,0,0,0,0,0
Alfter,spost35,0,0,0,0,0,0
Alfter,spost36,0,0,0,0,0,0
Alfter,spost37,0,0,0,0,0,0
Alfter,spost38,0,0,0,0,0,0
Alfter,spost39,0,0,0,0,0,0
Alfter,spost40,0,0,0,0,0,0
Alfter,spost41,0,0,0,0,0,0
Alfter,spost42,0,0,0,0,0,0
Alfter,spost43,0,0,0,0,0,0
Alfter,spost44,0,0,0,0,0,0
Alfter,spost45,0,0,0,0,0,0
Alfter,spost46,0,0,0,0,0,0
Alfter,spost47,0,0,0,0,0,0
Alfter,spost48,0,0,0,0,0,0
Alfter,spost49,0,0,0,0,0,0
Alfter,spost50,0,0,0,0,0,0
Alfter,spost51,0,0,0,0,0,0
Alfter,spost52,0,0,0,0,0,0
Alfter,spost53,0,0,0,0,0,0
Alfter,spost54,0,0,0,0,0,0
Alfter,spost55,0,0,0,0,0,0
Oerlinghausen,spost1,0,1,0,0,0,0
Oerlinghausen,spost2,0,0,0,0,0,0
Oerlinghausen,spost3,0,0,0,0,0,0
Oerlinghausen,spost4,0,0,0,0,0,0
Oerlinghausen,spost5,0,0,0,0,0,0
Oerlinghausen,spost6,0,0,0,0,0,0
Oerlinghausen,spost7,0,0,0,0,0,0
Oerlinghausen,spost8,0,0,0,0,0,0
Oerlinghausen,spost9,0,0,0,0,0,0
Oerlinghausen,spost10,0,0,0,0,0,0
Oerlinghausen,spost11,0,0,0,0,0,0
Oerlinghausen,spost12,0,0,0,0,0,0
Oerlinghausen,spost13,0,0,0,0,0,0
Oerlinghausen,spost14,0,0,0,0,0,0
Oerlinghausen,spost15,0,0,0,0,0,0
Oerlinghausen,spost16,0,0,0,0,0,0
Oerlinghausen,spost17,0,0,0,0,0,0
Oerlinghausen,spost18,0,0,0,0,0,0
Oerlinghausen,spost19,0,0,0,0,0,0
Oerlinghausen,spost20,0,0,0,0,0,0
Oerlinghausen,spost21,0,0,0,0,0,0
Oerlinghausen,spost22,0,0,0,0,0,0
Oerlinghausen,spost23,0,0,0,0,0,0
Oerlinghausen,spost24,0,0,0,0,0,0
Oerlinghausen,spost25,0,0,0,0,0,0
Oerlinghausen,spost26,0,0,0,0,0,0
Oerlinghausen,spost27,0,0,0,0,0,0
Oerlinghausen,spost28,0,0,0,0,0,0
Oerlinghausen,spost29,0,0,0,0,0,0
Oerlinghausen,spost30,0,0,0,0,0,0
Oerlinghausen,spost31,0,0,0,0,0,0
Oerlinghausen,spost32,0,0,0,0,0,0
Oerlinghausen,spost33,0,0,0,0,0,0
Oerlinghausen,spost34,0,0,0,0,0,0
Oerlinghausen,spost35,0,0,0,0,0,0
Oerlinghausen,spost36,0,0,0,0,0,0
Oerlinghausen,spost37,0,0,0,0,0,0
Oerlinghausen,spost38,0,0,0,0,0,0
Oerlinghausen,spost39,0,0,0,0,0,0
Oerlinghausen,spost40,0,0,0,0,0,0
Oerlinghausen,spost41,0,0,0,0,0,0
Oerlinghausen,spost42,0,0,0,0,0,0
Oerlinghausen,spost43,0,0,0,0,0,0
Oerlinghausen,spost44,0,0,0,0,0,0
Oerlinghausen,spost45,0,0,0,0,0,0
Oerlinghausen,spost46,0,0,0,0,0,0
Oerlinghausen,spost47,0,0,0,0,0,0
Oerlinghausen,spost48,0,0,0,0,0,0
Oerlinghausen,spost49,0,0,0,0,0,0
Oerlinghausen,spost50,0,0,0,0,0,0
Oerlinghausen,spost51,0,0,0,0,0,0
Oerlinghausen,spost52,0,0,0,0,0,0
Oerlinghausen,spost53,0,0,0,0,0,0
Oerlinghausen,spost54,0,0,0,0,0,0
Oerlinghausen,spost55,0,0,0,0,0,0
Huenxe,spost1,0,0,1,0,0,0
Huenxe,spost2,0,0,0,0,0,0
Huenxe,spost3,0,0,0,0,0,0
Huenxe,spost4,0,0,0,0,0,0
Huenxe,spost5,0,0,0,0,0,0
Huenxe,spost6,0,0,0,0,0,0
Huenxe,spost7,0,0,0,0,0,0
Huenxe,spost8,0,0,0,0,0,0
Huenxe,spost9,0,0,0,0,0,0
Huenxe,spost10,0,0,0,0,0,0
Huenxe,spost11,0,0,0,0,0,0
Huenxe,spost12,0,0,0,0,0,0
Huenxe,spost13,0,0,0,0,0,0
Huenxe,spost14,0,0,0,0,0,0
Huenxe,spost15,0,0,0,0,0,0
Huenxe,spost16,0,0,0,0,0,0
Huenxe,spost17,0,0,0,0,0,0
Huenxe,spost18,0,0,0,0,0,0
Huenxe,spost19,0,0,0,0,0,0
Huenxe,spost20,0,0,0,0,0,0
Huenxe,spost21,0,0,0,0,0,0
Huenxe,spost22,0,0,0,0,0,0
Huenxe,spost23,0,0,0,0,0,0
Huenxe,spost24,0,0,0,0,0,0
Huenxe,spost25,0,0,0,0,0,0
Huenxe,spost26,0,0,0,0,0,0
Huenxe,spost27,0,0,0,0,0,0
Huenxe,spost28,0,0,0,0,0,0
Huenxe,spost29,0,0,0,0,0,0
Huenxe,spost30,0,0,0,0,0,0
Huenxe,spost31,0,0,0,0,0,0
Huenxe,spost32,0,0,0,0,0,0
Huenxe,spost33,0,0,0,0,0,0
Huenxe,spost34,0,0,0,0,0,0
Huenxe,spost35,0,0,0,0,0,0
Huenxe,spost36,0,0,0,0,0,0
Huenxe,spost37,0,0,0,0,0,0
Huenxe,spost38,0,0,0,0,0,0
Huenxe,spost39,0,0,0,0,0,0
Huenxe,spost40,0,0,0,0,0,0
Huenxe,spost41,0,0,0,0,0,0
Huenxe,spost42,0,0,0,0,0,0
Huenxe,spost43,0,0,0,0,0,0
Huenxe,spost44,0,0,0,0,0,0
Huenxe,spost45,0,0,0,0,0,0
Huenxe,spost46,0,0,0,0,0,0
Huenxe,spost47,0,0,0,0,0,0
Huenxe,spost48,0,0,0,0,0,0
Huenxe,spost49,0,0,0,0,0,0
Huenxe,spost50,0,0,0,0,0,0
Huenxe,spost51,0,0,0,0,0,0
Huenxe,spost52,0,0,0,0,0,0
Huenxe,spost53,0,0,0,0,0,0
Huenxe,spost54,0,0,0,0,0,0
Huenxe,spost55,0,0,0,0,0,0
Titz,spost1,0,0,0,0,1,0
Titz,spost2,0,0,0,0,0,0
Titz,spost3,0,0,0,0,0,0
Titz,spost4,0,0,0,0,0,0
Titz,spost5,0,0,0,0,0,0
Titz,spost6,0,0,0,0,0,0
Titz,spost7,0,0,0,0,0,0
Titz,spost8,0,0,0,0,0,0
Titz,spost9,0,0,0,0,0,0
Titz,spost10,0,0,0,0,0,0
Titz,spost11,0,0,0,0,0,0
Titz,spost12,0,0,0,0,0,0
Titz,spost13,0,0,0,0,0,0
Titz,spost14,0,0,0,0,0,0
Titz,spost15,0,0,0,0,0,0
Titz,spost16,0,0,0,0,0,0
Titz,spost17,0,0,0,0,0,0
Titz,spost18,0,0,0,0,0,0
Titz,spost19,0,0,0,0,0,0
Titz,spost20,0,0,0,0,0,0
Titz,spost21,0,0,0,0,0,0
Titz,spost22,0,0,0,0,0,0
Titz,spost23,0,0,0,0,0,0
Titz,spost24,0,0,0,0,0,0
Titz,spost25,0,0,0,0,0,0
Titz,spost26,0,0,0,0,0,0
Titz,spost27,0,0,0,0,0,0
Titz,spost28,0,0,0,0,0,0
Titz,spost29,0,0,0,0,0,0
Titz,spost30,0,0,0,0,0,0
Titz,spost31,0,0,0,0,0,0
Titz,spost32,0,0,0,0,0,0
Titz,spost33,0,0,0,0,0,0
Titz,spost34,0,0,0,0,0,0
Titz,spost35,0,0,0,0,0,0
Titz,spost36,0,0,0,0,0,0
Titz,spost37,0,0,0,0,0,0
Titz,spost38,0,0,0,0,0,0
Titz,spost39,0,0,0,0,0,0
Titz,spost40,0,0,0,0,0,0
Titz,spost41,0,0,0,0,0,0
Titz,spost42,0,0,0,0,0,0
Titz,spost43,0,0,0,0,0,0
Titz,spost44,0,0,0,0,0,0
Titz,spost45,0,0,0,0,0,0
Titz,spost46,0,0,0,0,0,0
Titz,spost47,0,0,0,0,0,0
Titz,spost48,0,0,0,0,0,0
Titz,spost49,0,0,0,0,0,0
Titz,spost50,0,0,0,0,0,0
Titz,spost51,0,0,0,0,0,0
Titz,spost52,0,0,0,0,0,0
Titz,spost53,0,0,0,0,0,0
Titz,spost54,0,0,0,0,0,0
Titz,spost55,0,0,0,0,0,0
Enger,spost1,0,0,1,0,0,0
Enger,spost2,0,0,0,0,0,0
Enger,spost3,0,0,0,0,0,0
Enger,spost4,0,0,0,0,0,0
Enger,spost5,0,0,0,0,0,0
Enger,spost6,0,0,0,0,0,0
Enger,spost7,0,0,0,0,0,0
Enger,spost8,0,0,0,0,0,0
Enger,spost9,0,0,0,0,0,0
Enger,spost10,0,0,0,0,0,0
Enger,spost11,0,0,0,0,0,0
Enger,spost12,0,0,0,0,0,0
Enger,spost13,0,0,0,0,0,0
Enger,spost14,0,0,0,0,0,0
Enger,spost15,0,0,0,0,0,0
Enger,spost16,0,0,0,0,0,0
Enger,spost17,0,0,0,0,0,0
Enger,spost18,0,0,0,0,0,0
Enger,spost19,0,0,0,0,0,0
Enger,spost20,0,0,0,0,0,0
Enger,spost21,0,0,0,0,0,0
Enger,spost22,0,0,0,0,0,0
Enger,spost23,0,0,0,0,0,0
Enger,spost24,0,0,0,0,0,0
Enger,spost25,0,0,0,0,0,0
Enger,spost26,0,0,0,0,0,0
Enger,spost27,0,0,0,0,0,0
Enger,spost28,0,0,0,0,0,0
Enger,spost29,0,0,0,0,0,0
Enger,spost30,0,0,0,0,0,0
Enger,spost31,0,0,0,0,0,0
Enger,spost32,0,0,0,0,0,0
Enger,spost33,0,0,0,0,0,0
Enger,spost34,0,0,0,0,0,0
Enger,spost35,0,0,0,0,0,0
Enger,spost36,0,0,0,0,0,0
Enger,spost37,0,0,0,0,0,0
Enger,spost38,0,0,0,0,0,0
Enger,spost39,0,0,0,0,0,0
Enger,spost40,0,0,0,0,0,0
Enger,spost41,0,0,0,0,0,0
Enger,spost42,0,0,0,0,0,0
Enger,spost43,0,0,0,0,0,0
Enger,spost44,0,0,0,0,0,0
Enger,spost45,0,0,0,0,0,0
Enger,spost46,0,0,0,0,0,0
Enger,spost47,0,0,0,0,0,0
Enger,spost48,0,0,0,0,0,0
Enger,spost49,0,0,0,0,0,0
Enger,spost50,0,0,0,0,0,0
Enger,spost51,0,0,0,0,0,0
Enger,spost52,0,0,0,0,0,0
Enger,spost53,0,0,0,0,0,0
Enger,spost54,0,0,0,0,0,0
Enger,spost55,0,0,0,0,0,0
Neunkirchen,spost1,0,0,0,0,1,0
Neunkirchen,spost2,0,0,0,0,0,0
Neunkirchen,spost3,0,0,0,0,0,0
Neunkirchen,spost4,0,0,0,0,0,0
Neunkirchen,spost5,0,0,0,0,0,0
Neunkirchen,spost6,0,0,0,0,0,0
Neunkirchen,spost7,0,0,0,0,0,0
Neunkirchen,spost8,0,0,0,0,0,0
Neunkirchen,spost9,0,0,0,0,0,0
Neunkirchen,spost10,0,0,0,0,0,0
Neunkirchen,spost11,0,0,0,0,0,0
Neunkirchen,spost12,0,0,0,0,0,0
Neunkirchen,spost13,0,0,0,0,0,0
Neunkirchen,spost14,0,0,0,0,0,0
Neunkirchen,spost15,0,0,0,0,0,0
Neunkirchen,spost16,0,0,0,0,0,0
Neunkirchen,spost17,0,0,0,0,0,0
Neunkirchen,spost18,0,0,0,0,0,0
Neunkirchen,spost19,0,0,0,0,0,0
Neunkirchen,spost20,0,0,0,0,0,0
Neunkirchen,spost21,0,0,0,0,0,0
Neunkirchen,spost22,0,0,0,0,0,0
Neunkirchen,spost23,0,0,0,0,0,0
Neunkirchen,spost24,0,0,0,0,0,0
Neunkirchen,spost25,0,0,0,0,0,0
Neunkirchen,spost26,0,0,0,0,0,0
Neunkirchen,spost27,0,0,0,0,0,0
Neunkirchen,spost28,0,0,0,0,0,0
Neunkirchen,spost29,0,0,0,0,0,0
Neunkirchen,spost30,0,0,0,0,0,0
Neunkirchen,spost31,0,0,0,0,0,0
Neunkirchen,spost32,0,0,0,0,0,0
Neunkirchen,spost33,0,0,0,0,0,0
Neunkirchen,spost34,0,0,0,0,0,0
Neunkirchen,spost35,0,0,0,0,0,0
Neunkirchen,spost36,0,0,0,0,0,0
Neunkirchen,spost37,0,0,0,0,0,0
Neunkirchen,spost38,0,0,0,0,0,0
Neunkirchen,spost39,0,0,0,0,0,0
Neunkirchen,spost40,0,0,0,0,0,0
Neunkirchen,spost41,0,0,0,0,0,0
Neunkirchen,spost42,0,0,0,0,0,0
Neunkirchen,spost43,0,0,0,0,0,0
Neunkirchen,spost44,0,0,0,0,0,0
Neunkirchen,spost45,0,0,0,0,0,0
Neunkirchen,spost46,0,0,0,0,0,0
Neunkirchen,spost47,0,0,0,0,0,0
Neunkirchen,spost48,0,0,0,0,0,0
Neunkirchen,spost49,0,0,0,0,0,0
Neunkirchen,spost50,0,0,0,0,0,0
Neunkirchen,spost51,0,0,0,0,0,0
Neunkirchen,spost52,0,0,0,0,0,0
Neunkirchen,spost53,0,0,0,0,0,0
Neunkirchen,spost54,0,0,0,0,0,0
Neunkirchen,spost55,0,0,0,0,0,0
Espelkamp,spost1,1,0,0,0,0,0
Espelkamp,spost2,0,0,0,0,0,0
Espelkamp,spost3,0,0,0,0,0,0
Espelkamp,spost4,0,0,0,0,0,0
Espelkamp,spost5,0,0,0,0,0,0
Espelkamp,spost6,0,0,0,0,0,0
Espelkamp,spost7,0,0,0,0,0,0
Espelkamp,spost8,0,0,0,0,0,0
Espelkamp,spost9,0,0,0,0,0,0
Espelkamp,spost10,0,0,0,0,0,0
Espelkamp,spost11,0,0,0,0,0,0
Espelkamp,spost12,0,0,0,0,0,0
Espelkamp,spost13,0,0,0,0,0,0
Espelkamp,spost14,0,0,0,0,0,0
Espelkamp,spost15,0,0,0,0,0,0
Espelkamp,spost16,0,0,0,0,0,0
Espelkamp,spost17,0,0,0,0,0,0
Espelkamp,spost18,0,0,0,0,0,0
Espelkamp,spost19,0,0,0,0,0,0
Espelkamp,spost20,0,0,0,0,0,0
Espelkamp,spost21,0,0,0,0,0,0
Espelkamp,spost22,0,0,0,0,0,0
Espelkamp,spost23,0,0,0,0,0,0
Espelkamp,spost24,0,0,0,0,0,0
Espelkamp,spost25,0,0,0,0,0,0
Espelkamp,spost26,0,0,0,0,0,0
Espelkamp,spost27,0,0,0,0,0,0
Espelkamp,spost28,0,0,0,0,0,0
Espelkamp,spost29,0,0,0,0,0,0
Espelkamp,spost30,0,0,0,0,0,0
Espelkamp,spost31,0,0,0,0,0,0
Espelkamp,spost32,0,0,0,0,0,0
Espelkamp,spost33,0,0,0,0,0,0
Espelkamp,spost34,0,0,0,0,0,0
Espelkamp,spost35,0,0,0,0,0,0
Espelkamp,spost36,0,0,0,0,0,0
Espelkamp,spost37,0,0,0,0,0,0
Espelkamp,spost38,0,0,0,0,0,0
Espelkamp,spost39,0,0,0,0,0,0
Espelkamp,spost40,0,0,0,0,0,0
Espelkamp,spost41,0,0,0,0,0,0
Espelkamp,spost42,0,0,0,0,0,0
Espelkamp,spost43,0,0,0,0,0,0
Espelkamp,spost44,0,0,0,0,0,0
Espelkamp,spost45,0,0,0,0,0,0
Espelkamp,spost46,0,0,0,0,0,0
Espelkamp,spost47,0,0,0,0,0,0
Espelkamp,spost48,0,0,0,0,0,0
Espelkamp,spost49,0,0,0,0,0,0
Espelkamp,spost50,0,0,0,0,0,0
Espelkamp,spost51,0,0,0,0,0,0
Espelkamp,spost52,0,0,0,0,0,0
Espelkamp,spost53,0,0,0,0,0,0
Espelkamp,spost54,0,0,0,0,0,0
Espelkamp,spost55,0,0,0,0,0,0
Bestwig,spost1,0,0,0,0,1,0
Bestwig,spost2,0,0,0,0,0,0
Bestwig,spost3,0,0,0,0,0,0
Bestwig,spost4,0,0,0,0,0,0
Bestwig,spost5,0,0,0,0,0,0
Bestwig,spost6,0,0,0,0,0,0
Bestwig,spost7,0,0,0,0,0,0
Bestwig,spost8,0,0,0,0,0,0
Bestwig,spost9,0,0,0,0,0,0
Bestwig,spost10,0,0,0,0,0,0
Bestwig,spost11,0,0,0,0,0,0
Bestwig,spost12,0,0,0,0,0,0
Bestwig,spost13,0,0,0,0,0,0
Bestwig,spost14,0,0,0,0,0,0
Bestwig,spost15,0,0,0,0,0,0
Bestwig,spost16,0,0,0,0,0,0
Bestwig,spost17,0,0,0,0,0,0
Bestwig,spost18,0,0,0,0,0,0
Bestwig,spost19,0,0,0,0,0,0
Bestwig,spost20,0,0,0,0,0,0
Bestwig,spost21,0,0,0,0,0,0
Bestwig,spost22,0,0,0,0,0,0
Bestwig,spost23,0,0,0,0,0,0
Bestwig,spost24,0,0,0,0,0,0
Bestwig,spost25,0,0,0,0,0,0
Bestwig,spost26,0,0,0,0,0,0
Bestwig,spost27,0,0,0,0,0,0
Bestwig,spost28,0,0,0,0,0,0
Bestwig,spost29,0,0,0,0,0,0
Bestwig,spost30,0,0,0,0,0,0
Bestwig,spost31,0,0,0,0,0,0
Bestwig,spost32,0,0,0,0,0,0
Bestwig,spost33,0,0,0,0,0,0
Bestwig,spost34,0,0,0,0,0,0
Bestwig,spost35,0,0,0,0,0,0
Bestwig,spost36,0,0,0,0,0,0
Bestwig,spost37,0,0,0,0,0,0
Bestwig,spost38,0,0,0,0,0,0
Bestwig,spost39,0,0,0,0,0,0
Bestwig,spost40,0,0,0,0,0,0
Bestwig,spost41,0,0,0,0,0,0
Bestwig,spost42,0,0,0,0,0,0
Bestwig,spost43,0,0,0,0,0,0
Bestwig,spost44,0,0,0,0,0,0
Bestwig,spost45,0,0,0,0,0,0
Bestwig,spost46,0,0,0,0,0,0
Bestwig,spost47,0,0,0,0,0,0
Bestwig,spost48,0,0,0,0,0,0
Bestwig,spost49,0,0,0,0,0,0
Bestwig,spost50,0,0,0,0,0,0
Bestwig,spost51,0,0,0,0,0,0
Bestwig,spost52,0,0,0,0,0,0
Bestwig,spost53,0,0,0,0,0,0
Bestwig,spost54,0,0,0,0,0,0
Bestwig,spost55,0,0,0,0,0,0
Moenchengladbach,spost1,0,0,1,0,0,0
Moenchengladbach,spost2,0,0,0,0,0,0
Moenchengladbach,spost3,0,0,0,0,0,0
Moenchengladbach,spost4,0,0,0,0,0,0
Moenchengladbach,spost5,0,0,0,0,0,0
Moenchengladbach,spost6,0,0,0,0,0,0
Moenchengladbach,spost7,0,0,0,0,0,0
Moenchengladbach,spost8,0,0,0,0,0,0
Moenchengladbach,spost9,0,0,0,0,0,0
Moenchengladbach,spost10,0,0,0,0,0,0
Moenchengladbach,spost11,0,0,0,0,0,0
Moenchengladbach,spost12,0,0,0,0,0,0
Moenchengladbach,spost13,0,0,0,0,0,0
Moenchengladbach,spost14,0,0,0,0,0,0
Moenchengladbach,spost15,0,0,0,0,0,0
Moenchengladbach,spost16,0,0,0,0,0,0
Moenchengladbach,spost17,0,0,0,0,0,0
Moenchengladbach,spost18,0,0,0,0,0,0
Moenchengladbach,spost19,0,0,0,0,0,0
Moenchengladbach,spost20,0,0,0,0,0,0
Moenchengladbach,spost21,0,0,0,0,0,0
Moenchengladbach,spost22,0,0,0,0,0,0
Moenchengladbach,spost23,0,0,0,0,0,0
Moenchengladbach,spost24,0,0,0,0,0,0
Moenchengladbach,spost25,0,0,0,0,0,0
Moenchengladbach,spost26,0,0,0,0,0,0
Moenchengladbach,spost27,0,0,0,0,0,0
Moenchengladbach,spost28,0,0,0,0,0,0
Moenchengladbach,spost29,0,0,0,0,0,0
Moenchengladbach,spost30,0,0,0,0,0,0
Moenchengladbach,spost31,0,0,0,0,0,0
Moenchengladbach,spost32,0,0,0,0,0,0
Moenchengladbach,spost33,0,0,0,0,0,0
Moenchengladbach,spost34,0,0,0,0,0,0
Moenchengladbach,spost35,0,0,0,0,0,0
Moenchengladbach,spost36,0,0,0,0,0,0
Moenchengladbach,spost37,0,0,0,0,0,0
Moenchengladbach,spost38,0,0,0,0,0,0
Moenchengladbach,spost39,0,0,0,0,0,0
Moenchengladbach,spost40,0,0,0,0,0,0
Moenchengladbach,spost41,0,0,0,0,0,0
Moenchengladbach,spost42,0,0,0,0,0,0
Moenchengladbach,spost43,0,0,0,0,0,0
Moenchengladbach,spost44,0,0,0,0,0,0
Moenchengladbach,spost45,0,0,0,0,0,0
Moenchengladbach,spost46,0,0,0,0,0,0
Moenchengladbach,spost47,0,0,0,0,0,0
Moenchengladbach,spost48,0,0,0,0,0,0
Moenchengladbach,spost49,0,0,0,0,0,0
Moenchengladbach,spost50,0,0,0,0,0,0
Moenchengladbach,spost51,0,0,0,0,0,0
Moenchengladbach,spost52,0,0,0,0,0,0
Moenchengladbach,spost53,0,0,0,0,0,0
Moenchengladbach,spost54,0,0,0,0,0,0
Moenchengladbach,spost55,0,0,0,0,0,0
Greven,spost1,1,0,0,0,0,0
Greven,spost2,0,0,0,0,0,0
Greven,spost3,0,0,0,0,0,0
Greven,spost4,0,0,0,0,0,0
Greven,spost5,0,0,0,0,0,0
Greven,spost6,0,0,0,0,0,0
Greven,spost7,0,0,0,0,0,0
Greven,spost8,0,0,0,0,0,0
Greven,spost9,0,0,0,0,0,0
Greven,spost10,0,0,0,0,0,0
Greven,spost11,0,0,0,0,0,0
Greven,spost12,0,0,0,0,0,0
Greven,spost13,0,0,0,0,0,0
Greven,spost14,0,0,0,0,0,0
Greven,spost15,0,0,0,0,0,0
Greven,spost16,0,0,0,0,0,0
Greven,spost17,0,0,0,0,0,0
Greven,spost18,0,0,0,0,0,0
Greven,spost19,0,0,0,0,0,0
Greven,spost20,0,0,0,0,0,0
Greven,spost21,0,0,0,0,0,0
Greven,spost22,0,0,0,0,0,0
Greven,spost23,0,0,0,0,0,0
Greven,spost24,0,0,0,0,0,0
Greven,spost25,0,0,0,0,0,0
Greven,spost26,0,0,0,0,0,0
Greven,spost27,0,0,0,0,0,0
Greven,spost28,0,0,0,0,0,0
Greven,spost29,0,0,0,0,0,0
Greven,spost30,0,0,0,0,0,0
Greven,spost31,0,0,0,0,0,0
Greven,spost32,0,0,0,0,0,0
Greven,spost33,0,0,0,0,0,0
Greven,spost34,0,0,0,0,0,0
Greven,spost35,0,0,0,0,0,0
Greven,spost36,0,0,0,0,0,0
Greven,spost37,0,0,0,0,0,0
Greven,spost38,0,0,0,0,0,0
Greven,spost39,0,0,0,0,0,0
Greven,spost40,0,0,0,0,0,0
Greven,spost41,0,0,0,0,0,0
Greven,spost42,0,0,0,0,0,0
Greven,spost43,0,0,0,0,0,0
Greven,spost44,0,0,0,0,0,0
Greven,spost45,0,0,0,0,0,0
Greven,spost46,0,0,0,0,0,0
Greven,spost47,0,0,0,0,0,0
Greven,spost48,0,0,0,0,0,0
Greven,spost49,0,0,0,0,0,0
Greven,spost50,0,0,0,0,0,0
Greven,spost51,0,0,0,0,0,0
Greven,spost52,0,0,0,0,0,0
Greven,spost53,0,0,0,0,0,0
Greven,spost54,0,0,0,0,0,0
Greven,spost55,0,0,0,0,0,0
Steinhagen,spost1,1,0,0,0,0,0
Steinhagen,spost2,0,0,0,0,0,0
Steinhagen,spost3,0,0,0,0,0,0
Steinhagen,spost4,0,0,0,0,0,0
Steinhagen,spost5,0,0,0,0,0,0
Steinhagen,spost6,0,0,0,0,0,0
Steinhagen,spost7,0,0,0,0,0,0
Steinhagen,spost8,0,0,0,0,0,0
Steinhagen,spost9,0,0,0,0,0,0
Steinhagen,spost10,0,0,0,0,0,0
Steinhagen,spost11,0,0,0,0,0,0
Steinhagen,spost12,0,0,0,0,0,0
Steinhagen,spost13,0,0,0,0,0,0
Steinhagen,spost14,0,0,0,0,0,0
Steinhagen,spost15,0,0,0,0,0,0
Steinhagen,spost16,0,0,0,0,0,0
Steinhagen,spost17,0,0,0,0,0,0
Steinhagen,spost18,0,0,0,0,0,0
Steinhagen,spost19,0,0,0,0,0,0
Steinhagen,spost20,0,0,0,0,0,0
Steinhagen,spost21,0,0,0,0,0,0
Steinhagen,spost22,0,0,0,0,0,0
Steinhagen,spost23,0,0,0,0,0,0
Steinhagen,spost24,0,0,0,0,0,0
Steinhagen,spost25,0,0,0,0,0,0
Steinhagen,spost26,0,0,0,0,0,0
Steinhagen,spost27,0,0,0,0,0,0
Steinhagen,spost28,0,0,0,0,0,0
Steinhagen,spost29,0,0,0,0,0,0
Steinhagen,spost30,0,0,0,0,0,0
Steinhagen,spost31,0,0,0,0,0,0
Steinhagen,spost32,0,0,0,0,0,0
Steinhagen,spost33,0,0,0,0,0,0
Steinhagen,spost34,0,0,0,0,0,0
Steinhagen,spost35,0,0,0,0,0,0
Steinhagen,spost36,0,0,0,0,0,0
Steinhagen,spost37,0,0,0,0,0,0
Steinhagen,spost38,0,0,0,0,0,0
Steinhagen,spost39,0,0,0,0,0,0
Steinhagen,spost40,0,0,0,0,0,0
Steinhagen,spost41,0,0,0,0,0,0
Steinhagen,spost42,0,0,0,0,0,0
Steinhagen,spost43,0,0,0,0,0,0
Steinhagen,spost44,0,0,0,0,0,0
Steinhagen,spost45,0,0,0,0,0,0
Steinhagen,spost46,0,0,0,0,0,0
Steinhagen,spost47,0,0,0,0,0,0
Steinhagen,spost48,0,0,0,0,0,0
Steinhagen,spost49,0,0,0,0,0,0
Steinhagen,spost50,0,0,0,0,0,0
Steinhagen,spost51,0,0,0,0,0,0
Steinhagen,spost52,0,0,0,0,0,0
Steinhagen,spost53,0,0,0,0,0,0
Steinhagen,spost54,0,0,0,0,0,0
Steinhagen,spost55,0,0,0,0,0,0
